sample	reads	relative_abundance	log10
H-015	13298	0.002522433	4.123786329
H-164	317	0.000110896	2.501059262
O-024	3757	0.000608728	3.574841195
O-074	27	1.18198E-05	1.431363764
O-090	9	8.25759E-07	0.954242509
OMC-146	1340	0.000170665	3.127104798
OMC-153	6287	0.001610433	3.79844346
OMC-258	1274	0.000341706	3.105169428