sample	reads	relative_abundance	log10	coverage
H-015	1063	0.000201635	-3.69543408	0.190408
H-164	2126	7.44E-04	-3.128578861	0.0947242
O-024	15810	0.002561617	-2.591485803	0.240767
O-074	17	7.44E-06	-5.128305082	0.0172661
O-090	3450	3.17E-04	-3.49957003	0.0875299
OMC-146	1595	0.000203142	-3.692200276	0.174101
OMC-153	170	4.35E-05	-4.361051732	0.094964
OMC-258	1158	0.000310593	-3.507808336	0.164269