sample	reads	relative_abundance	log10
H-015	12940	0.002454525	4.111934276
H-164	107	3.74319E-05	2.029383778
O-024	3945	0.000639189	3.596047008
O-074	28	1.22576E-05	1.447158031
O-090	9	8.25759E-07	0.954242509
OMC-146	7923	0.001009086	3.898889656
OMC-153	6330	0.001621447	3.80140371
OMC-258	1231	0.000330173	3.090258053