sample	reads	relative_abundance	log10
H-015	13298	0.002522433	-2.598180361
H-164	317	1.11E-04	-3.955084118
O-024	3757	0.000608728	-3.215576721
O-074	27	1.18E-05	-4.927389872
O-090	9	8.26E-07	-6.083146684
OMC-146	1340	0.000170665	-3.767855535
OMC-153	6287	0.001610433	-2.793057339
OMC-258	1274	0.000341706	-3.466347395