sample	reads	relative_abundance	log10
H-015	12940	0.002454525	-2.61003254
H-164	107	3.74E-05	-4.426758128
O-024	3945	0.000639189	-3.194370708
O-074	28	1.23E-05	-4.911594555
O-090	9	8.26E-07	-6.083146684
OMC-146	7923	0.001009086	-2.996071819
OMC-153	6330	0.001621447	-2.790097242
OMC-258	1231	0.000330173	-3.481258444