sample	reads	relative_abundance	log10
H-015	1063	0.000201635	3.026533265
H-164	2126	0.00074374	3.32756326
O-024	15810	0.002561617	4.19893187
O-074	17	7.44209E-06	1.230448921
O-090	3450	0.000316541	3.537819095
OMC-146	1595	0.000203142	3.202760687
OMC-153	170	4.3546E-05	2.230448921
OMC-258	1158	0.000310593	3.063708559
