sample	reads	relative_abundance	log10	coverage
H-015	593	0.000112483	-3.948912058	0.0310213
O-024	2251	0.000364718	-3.43804226	0.0519957
O-074	2356	0.001031385	-2.986578994	0.0106845
O-090	5	4.58755E-07	-6.338419398	0.00066778
OMC-146	8265	0.001052644	-2.977718461	0.046441
OMC-153	200	5.12306E-05	-4.290470914	0.0117772
H-164	319	0.000111596	-3.952351464	0.0131735
OMC-258	1123	0.000301206	-3.521136569	0.036394