sample	reads	relative_abundance	log10	coverage
H-015	623	0.000118174	-3.927478705	0.0316527
O-024	2250	0.000364556	-3.438235237	0.0450287
O-074	2358	0.001032261	-2.98621048	0.00877287
O-090	5	4.58755E-07	-6.338419398	0.000595689
OMC-146	8424	0.001072895	-2.969442961	0.0366078
OMC-153	204	5.22552E-05	-4.281870742	0.0116159
H-164	390	0.000136434	-3.86507754	0.0111286
OMC-258	1673	0.000448724	-3.348020385	0.0346312