sample	reads	relative_abundance	log10
H-015	593	0.000112483	2.773054693
H-164	319	0.000111596	2.503790683
O-024	2251	0.000364718	3.352375495
O-074	2356	0.001031385	3.372175286
O-090	5	4.58755E-07	0.698970004
OMC-146	8265	0.001052644	3.917242858
OMC-153	200	5.12306E-05	2.301029996
OMC-258	1123	0.000301206	3.050379756