aa	APD3 microbial AMPs	Our AMPs
A	10.336828430917695	7.553434322473543
C	5.641644242368006	1.5355882963270389
D	2.1434536512944233	3.8182195476239884
E	2.004268349262318	5.727329321435983
F	3.0527976245708452	4.295496991076988
G	13.259719773591907	7.076156879020544
H	1.8001299062818967	1.5148371031334302
I	6.17982741022548	5.16704710520855
K	6.532430175373481	10.603859721934011
L	6.012805047786954	6.619630628761154
M	1.484643221675791	4.2332434114961615
N	5.585970121555164	4.2332434114961615
P	3.154866846061056	3.94272670678564
Q	2.4311032754941078	4.5030089230130725
R	2.421824255358634	5.665075741855157
S	7.71086573257864	5.021788752853289
T	6.922149021063376	5.499066196306288
V	6.7365686183539015	5.872587673791243
W	3.3033311682286346	0.8715501141315627
Y	3.2847731279576875	2.5108943764266445
