Group 1	Group 2	Gravy Index P-value	Net Charge P-value
Our AMPs	APD3	9.333238204916737e-17	0.5556927052597123
Our AMPs	dbAMP	7.931727079110876e-17	0.6609385114969415
Our AMPs	DRAMP	2.5329547420937724e-17	0.7862022230809697
APD3	dbAMP	0.01147461610695657	0.8727916393437679
APD3	DRAMP	0.5106715959123647	0.7658851745608809
dbAMP	DRAMP	0.043939208007881224	0.9323984853585748
