"Var1"	"Var2"	"value"	"pvalue"
"c_Coriobacteriia"	"AMP_144653_c7_g8_i1"	0.892857142857143	0.00680718740893527
"o_Coriobacteriales"	"AMP_144653_c7_g8_i1"	0.892857142857143	0.00680718740893527
"f_Coriobacteriaceae"	"AMP_144653_c7_g8_i1"	0.892857142857143	0.00680718740893527
"g_Collinsella"	"AMP_144653_c7_g8_i1"	0.892857142857143	0.00680718740893527
"s_Collinsella aerofaciens"	"AMP_144653_c7_g8_i1"	0.828571428571429	0.0415626822157433
"g_Faecalibacterium"	"AMP_145245_c6_g1_i2"	-0.821428571428571	0.0234488083456914
"s_Faecalibacterium prausnitzii"	"AMP_145245_c6_g1_i2"	-0.821428571428571	0.0234488083456914
"g_Phascolarctobacterium"	"AMP_7230_c1_g2_i2"	0.885714285714286	0.0188454810495626
"s_Phascolarctobacterium sp."	"AMP_7230_c1_g2_i2"	0.885714285714286	0.0188454810495626
