"Var1"	"Var2"	"value"	"pvalue"
"p_Proteobacteria"	"AMP_141075_c3_g1_i1"	-0.9	0.0373860734684985
"c_Erysipelotrichi"	"AMP_141075_c3_g1_i1"	-0.9	0.0373860734684985
"o_Erysipelotrichales"	"AMP_141075_c3_g1_i1"	-0.9	0.0373860734684985
"f_Erysipelotrichaceae"	"AMP_141075_c3_g1_i1"	-0.9	0.0373860734684985
