sequence	GRAVY index
>TRINITY_DN138200_c2_g1_i1.p2	-0.4138888888888889
>TRINITY_DN141075_c3_g1_i1.p9	-1.6999999999999995
>TRINITY_DN143020_c3_g1_i1.p2	0.14999999999999997
>TRINITY_DN143683_c0_g2_i1.p14	-0.016666666666666774
>TRINITY_DN144897_c3_g1_i5.p10	-1.7222222222222223
>TRINITY_DN385865_c1_g1_i1.p3	-0.7919999999999997
