    sequence	Net charge at pH 7
    TRINITY_DN138200_c2_g1_i1.p2	6.471451156777411
    TRINITY_DN141075_c3_g1_i1.p9	3.457961916195805
    TRINITY_DN143020_c3_g1_i1.p2	3.7611275943461955
    TRINITY_DN143683_c0_g2_i1.p14	0.49935568654234397
    TRINITY_DN144897_c3_g1_i5.p10	1.5011571476165524
    TRINITY_DN385865_c1_g1_i1.p3	0.7631355962441981
