aa	fraction
M	4.397499461090752
K	11.015305022634188
F	4.4621685708126755
Y	2.6083207587842208
N	4.397499461090752
V	6.1004526837680535
G	7.350722138391895
I	5.367536106919594
E	5.9495580944169
L	6.876482000431128
P	4.0957102823884455
D	3.9663720629446
T	5.712438025436517
R	5.884888984694977
C	1.595171373140763
A	7.84651864625997
H	1.5736150032334555
S	5.2166415175684415
W	0.9053675361069196
Q	4.677732269885751
