sample	reads	relative_abundance	log10
H-015	3130	0.000593714	3.495544338
H-164	323	0.000112995	2.509202522
O-024	3794	0.000614723	3.579097327
O-074	4047	0.001771654	3.607133204
O-090	25496	0.002339282	4.40647205
OMC-146	4670	0.000594779	3.669316881
OMC-153	3422	0.000876555	3.534280005
OMC-258	2451	0.000657396	3.389343311