sample	reads	relative_abundance	log10
H-015	3130	0.000593714	-3.22642271
H-164	323	0.000112995	-3.946940774
O-024	3794	0.000614723	-3.211320537
O-074	4047	0.001771654	-2.751621091
O-090	25496	0.002339282	-2.630917421
OMC-146	4670	0.000594779	-3.225644374
OMC-153	3422	0.000876555	-3.057220829
OMC-258	2451	0.000657396	-3.182172943