"Var1"	"Var2"	"value"	"pvalue"
"total_colesterol"	"AMP_145261_c61_g1_i4"	-0.850314645958414	0.00747141463995349
"glucose"	"AMP_145360_c4_g1_i1"	-0.80001469278309	0.0171164298868538
"total_colesterol"	"AMP_142174_c7_g1_i1"	-0.850314645958414	0.00747141463995349
"total_colesterol"	"AMP_145551_c2_g2_i1"	-0.80511756018254	0.0159045622916614
"total_colesterol"	"AMP_145435_c1_g1_i3"	-0.927105069301107	0.000916180197308325
"ldl"	"AMP_145435_c1_g1_i3"	-0.87831006565368	0.0041039337200317
