"Var1"	"Var2"	"value"	"pvalue"
"g_Faecalibacterium"	"AMP_144653_c7_g8_i1"	-0.942857142857143	0.0048046647230322
"g_Faecalibacterium prausnitzii"	"AMP_144653_c7_g8_i1"	-0.942857142857143	0.0048046647230322