"Var1"	"Var2"	"value"	"pvalue"
"c_Erysipelotrichi"	"AMP_144897_c3_g1_i5"	-0.880406274042429	0.0205987347749206
"o_Erysipelotrichales"	"AMP_144897_c3_g1_i5"	-0.880406274042429	0.0205987347749206
"f_Erysipelotrichaceae"	"AMP_144897_c3_g1_i5"	-0.880406274042429	0.0205987347749206

